{"cameraMode":{"drawMode":0,"name":"Shaded","section":"Shading Mode"},"sceneLighting":true,"audioPlay":false,"sceneViewState":{"m_AlwaysRefresh":false,"showFog":true,"showSkybox":true,"showFlares":true,"showImageEffects":true,"showParticleSystems":true,"showVisualEffectGraphs":true,"m_FxEnabled":true},"in2DMode":false,"pivot":{"x":273.809814453125,"y":151.13323974609376,"z":3308.22314453125},"rotation":{"x":0.02399514429271221,"y":-0.014707432128489018,"z":0.0003560882178135216,"w":0.9996117949485779},"size":1989.92919921875,"orthographic":false}